1997_933.txt-Art. 41.;Czy komisja posiada możliwość wydania decyzji o odmowie udzielenia zezwolenia w przypadku nie otrzymania rękojmi należytego wykonywania obowiązków?;1. Komisja wydaje zezwolenie na utworzenie towarzystwa w terminie dwóch miesięcy od dnia złożenia wniosku. 2. Jeżeli wniosek o wydanie zezwolenia na utworzenie towarzystwa nie spełnia warunków określonych przepisami prawa, Komisja wzywa wnioskodawcę do usunięcia braków, określając termin nie krótszy niż siedem dni. 3. Jeżeli osoby, o których mowa w art. 40 pkt 4, nie dają rękojmi należytego wykonywania obowiązków, Komisja wydaje decyzję o odmowie udzielenia zezwolenia. 
1997_933.txt-Art. 18.;Czy komisja posiada możliwość wydania decyzji o odmowie udzielenia zezwolenia w przypadku nie otrzymania rękojmi należytego wykonywania obowiązków?;1. Komisja wydaje zezwolenie na utworzenie funduszu inwestycyjnego w terminie dwóch miesięcy od dnia złożenia wniosku. 2. Jeżeli dokumenty, o których mowa w art. 17 pkt 1 i 2, nie spełniają warunków określonych przepisami prawa, Komisja wzywa wnioskodawcę do usunięcia braków, określając termin nie krótszy niż siedem dni. 3. Jeżeli osoby, o których mowa w art. 17 pkt 6 i 7, nie dają rękojmi należytego wykonywania obowiązków albo jeżeli statut funduszu nie uwzględnia należycie interesów uczestników funduszu, Komisja wydaje decyzję o odmowie udzielenia zezwolenia. 
2000_1099.txt-Art. 41.;Czy komisja posiada możliwość wydania decyzji o odmowie udzielenia zezwolenia w przypadku nie otrzymania rękojmi należytego wykonywania obowiązków?;Komisja wydaje decyzję odmawiającą zezwolenia w przypadku, gdy wniosek o wydanie zezwolenia nie spełnia warunków określonych w art. 39 lub gdy z przedstawionych danych wynika, że spółka nie daje rękojmi należytego wykonywania działalności. 
2004_1924.txt-Art. 1.;Czy Premier Rzeczypospolitej Polskiej otrzymał zgodę na dokonanie ratyfikacji Konwencji o pomocy prawnej?;Wyraża się zgodę na dokonanie przez Prezydenta Rzeczypospolitej Polskiej ratyfikacji Konwencji o pomocy prawnej w sprawach karnych pomiędzy Państwami Członkowskimi Unii Europejskiej, sporządzonej w Brukseli dnia 29 maja 2000 r., oraz Protokołu do Konwencji o pomocy prawnej w sprawach karnych pomiędzy Państwami Członkowskimi Unii Europejskiej z dnia 29 maja 2000 r., sporządzonego w Luksemburgu dnia 16 października 2001 r. 
2001_1074.txt-Art. 1.;Czy Premier Rzeczypospolitej Polskiej otrzymał zgodę na dokonanie ratyfikacji Konwencji o pomocy prawnej?;Wyraża się zgodę na dokonanie przez Prezydenta Rzeczypospolitej Polskiej ratyfikacji Konwencji konsularnej, podpisanej w Warszawie dnia 27 listopada 1997 r. 
2002_976.txt-Art. 1.;Czy Premier Rzeczypospolitej Polskiej otrzymał zgodę na dokonanie ratyfikacji Konwencji o pomocy prawnej?;Wyraża się zgodę na dokonanie przez Prezydenta Rzeczypospolitej Polskiej ratyfikacji Konwencji o przystąpieniu Republiki Czeskiej, Republiki Estońskiej, Republiki Cypryjskiej, Republiki Łotewskiej, Republiki Litewskiej, Republiki Węgierskiej, Republiki Malty, Rzeczypospolitej Polskiej, Republiki Słowenii i Republiki Słowackiej do Konwencji o prawie właściwym dla zobowiązań umownych, otwartej do podpisu w Rzymie w dniu 19 czerwca 1980 roku, oraz do Pierwszego i Drugiego Protokołu w sprawie jej wykładni przez Trybunał Sprawiedliwości Wspólnot Europejskich, sporządzonej w Luksemburgu dnia 14 kwietnia 2005 r. 
1995_59.txt-Art. 5.;Czy Najwyższa Izba Kontroli przeprowadza kontrolę pod względem dochodowości?;1. Najwyższa Izba Kontroli przeprowadza kontrolę pod względem legalności, gospodarności, celowości i rzetelności, z zastrzeżeniem ust. 2 i 3. 2. Kontrola działalności samorządu terytorialnego w zakresie wykonywania zadań własnych przeprowadzana jest pod względem legalności, gospodarności i rzetelności. 3. Kontrola działalności jednostek organizacyjnych i podmiotów gospodarczych, o których mowa w art. 2 ust. 3 pkt 4-6, przeprowadzana jest pod względem legalności i rzetelności. 
1995_59.txt-Art. 4.;Czy Najwyższa Izba Kontroli przeprowadza kontrolę pod względem dochodowości?;1. Najwyższa Izba Kontroli kontroluje wykonanie budżetu, gospodarkę finansową i majątkową Kancelarii Prezydenta Rzeczypospolitej Polskiej, Kancelarii Sejmu, Kancelarii Senatu, Trybunału Konstytucyjnego, Rzecznika Praw Obywatelskich, Krajowej Rady Radiofonii i Telewizji, Krajowego Biura Wyborczego, Sądu Najwyższego, Naczelnego Sądu Administracyjnego oraz Państwowej Inspekcji Pracy. 2. Na zlecenie Sejmu, Najwyższa Izba Kontroli przeprowadza kontrolę działalności Kancelarii Prezydenta Rzeczypospolitej Polskiej, Kancelarii Sejmu, Kancelarii Senatu, Krajowej Rady Radiofonii i Telewizji oraz Państwowej Inspekcji Pracy tak jak działalności organów i jednostek, o których mowa w art. 2 ust. 1. 3. Kontrolę działalności Kancelarii Prezydenta Rzeczypospolitej Polskiej tak jak działalności organów i jednostek, o których mowa w art. 2 ust. 1, Najwyższa Izba Kontroli przeprowadza również na wniosek Prezydenta Rzeczypospolitej Polskiej, a Kancelarii Senatu na wniosek Senatu. 
1997_153.txt-Art. 164.;Czy Najwyższa Izba Kontroli przeprowadza kontrolę pod względem dochodowości?;"W ustawie z dnia 23 grudnia 1994 r. o Najwyższej Izbie Kontroli (Dz.U. z 1995 r. Nr 13, poz. 59 oraz z 1996 r. Nr 64, poz. 315 i Nr 89, poz. 402) w art. 2 po ust. 3 dodaje się ust. 4 w brzmieniu: ""4. Najwyższa Izba Kontroli może kontrolować pod względem legalności, gospodarności i rzetelności działalność jednostek organizacyjnych i podmiotów innych niż wymienione w ust. 1 i 2, wykonujących zadania z zakresu powszechnego ubezpieczenia zdrowotnego."". "
1997_740.txt-Art. 14.;W jakiej formie Minister Obrony Narodowej określi warunki i tryb tworzenia wewnętrznych służb ochrony?;Minister Obrony Narodowej określi, w drodze rozporządzenia, dla wewnętrznych służb ochrony działających na terenach podległych, podporządkowanych lub nadzorowanych jednostek organizacyjnych: 1) warunki i tryb ich tworzenia, 2) strukturę organizacyjną i zakres działania, 3) uzbrojenie i wyposażenie, 4) warunki zatrudnienia pracowników, 5) umundurowanie i odznaki służbowe. Rozdział 4 Zasady prowadzenia działalności gospodarczej w zakresie usług ochrony osób i mienia oraz kontrola tej działalności 
1997_740.txt-Art. 13.;W jakiej formie Minister Obrony Narodowej określi warunki i tryb tworzenia wewnętrznych służb ochrony?;Minister Spraw Wewnętrznych i Administracji określi, w drodze rozporządzenia, dla wewnętrznych służb ochrony: 1) szczegółowe zasady oraz tryb ich tworzenia, 2) strukturę organizacyjną, zakres działania i sposób prowadzenia dokumentacji ochronnej, 3) uzbrojenie i wyposażenie, 4) umundurowanie i odznaki służbowe oraz sposób tworzenia dla nich nazw. 
1997_926.txt-Art. 175.;Jakie dokumenty mogą zostać dołączone do protokołu w przypadku zezwolenia organu podatkowego?;Organ podatkowy może zezwolić na dołączenie do protokółu zeznania na piśmie podpisanego przez zeznającego oraz innych dokumentów mających znaczenie dla sprawy. 
2001_1352.txt-Art. 63.;Jakie postępowanie może wszcząć Minister Gospodarki?;1. W przypadku wystąpienia okoliczności wskazujących na przywóz na polski obszar celny towarów podobnych lub ich części w celu obejścia ustanowionych ceł antydumpingowych minister właściwy do spraw gospodarki może wszcząć postępowanie w sprawie obejścia ceł antydumpingowych. 2. Do postępowania, o którym mowa w ust. 1, stosuje się odpowiednio art. 2437 oraz art. 48-59, przy czym powinno być ono zakończone w terminie 9 miesięcy od daty jego rozpoczęcia. 
2001_1352.txt-Art. 74.;Jakie postępowanie może wszcząć Minister Gospodarki?;1. Minister właściwy do spraw gospodarki może wszcząć z urzędu postępowanie w celu zmiany lub uchylenia rozporządzenia ustanawiającego środki antydumpingowe po uprzednim przeprowadzeniu konsultacji z zagranicznymi eksporterami i krajowymi importerami towaru, w przypadku gdy przemysł krajowy przedstawi wystarczające dane i informacje świadczące o tym, że zastosowane środki antydumpingowe nie doprowadziły do oczekiwanych zmian cen krajowych. 2. Do postępowania, o którym mowa w ust. 1, stosuje się odpowiednio przepisy art. 24-32 i art. 48-56, z zastrzeżeniem, że będzie ono wznowione bez nieuzasadnionej zwłoki i zakończone w terminie 6 miesięcy od daty jego wznowienia. 3. Po wszczęciu postępowania, o którym mowa w ust. 1, minister właściwy do spraw finansów publicznych, na wniosek ministra właściwego do spraw gospodarki, może zobowiązać, w drodze postanowienia, organy celne do prowadzenia ewidencji przywożonych na polski obszar celny towarów objętych tym postępowaniem. 4. Ewidencję, o której mowa w ust. 3, prowadzi się przez okres określony w art. 37 ust. 2 i zgodnie z zasadami określonymi na podstawie art. 37 ust. 3. 
1998_602.txt-Art. 3.;Jakie organy są organami stanowiącymi jednostek samorządu terytorialnego?;1. W rozumieniu niniejszej ustawy organami stanowiącymi jednostek samorządu terytorialnego są rady gmin, rady powiatów i sejmiki województw. 2. Ilekroć w niniejszej ustawie jest mowa o radzie gminy należy przez to rozumieć także radę miasta na prawach powiatu. 3. Ilekroć w niniejszej ustawie jest mowa o radzie należy przez to rozumieć także sejmik województwa. 
1997_733.txt-Art. 27.;Czy do zadań komendanta wojewódzkiego Państwowej Straży Pożarnej należy gromadzenie i opracowanie informacji uzyskiwanych z systemów obserwacji?;Do zadań komendanta wojewódzkiego Państwowej Straży Pożarnej jako kierownika wojewódzkiego urzędu ratownictwa i zarządzania kryzysowego należy w szczególności: 1) przygotowywanie projektów wojewódzkiego programu w zakresie planowania cywilnego i planu reagowania kryzysowego, 2) gromadzenie i opracowywanie informacji uzyskiwanych z systemów obserwacji, o których mowa w art. 14 ust. 1 pkt 7, 3) przygotowywanie wojewódzkich szkoleń, treningów, ćwiczeń i innych form edukacji w zakresie gotowości cywilnej i zarządzania kryzysowego dla osób działających w strukturach administracji publicznej na obszarze województwa, 4) utrzymywanie stałych kontaktów i współpraca z podmiotami uczestniczącymi w systemie gotowości cywilnej i zarządzania kryzysowego, 5) analiza i ocena strat powstałych w czasie zagrożenia lub kryzysu na obszarze województwa w oparciu o informacje przekazane przez powiatowych inspektorów gotowości cywilnej, 6) wykonywanie innych zadań określonych przez wojewodę. 
1997_733.txt-Art. 24.;Czy do zadań komendanta wojewódzkiego Państwowej Straży Pożarnej należy gromadzenie i opracowanie informacji uzyskiwanych z systemów obserwacji?;1. Do zadań Komendanta Głównego Państwowej Straży Pożarnej jako kierownika Krajowego Urzędu należy w szczególności: 1) zapewnianie właściwego wykonywania zadań i kompetencji przez ministra właściwego do spraw wewnętrznych w zakresie zarządzania kryzysowego, 2) opracowywanie ogólnokrajowych programów w zakresie planowania cywilnego i planów reagowania kryzysowego oraz koordynowanie programów i planów wojewódzkich, 3) opracowywanie projektów zasad i procedur zarządzania kryzysowego, 4) uzgadnianie projektów planów reagowania kryzysowego zatwierdzanych przez ministrów i kierowników urzędów centralnych oraz wojewodów, 5) koordynowanie systemów kierowania i systemów obserwacji zagrożeń o charakterze ogólnokrajowym oraz gromadzenie i opracowywanie informacji uzyskiwanych z tych systemów, 6) prowadzenie działalności inwestycyjnej w zakresie gotowości cywilnej i zarządzania kryzysowego o charakterze ogólnokrajowym, w tym w szczególności rozbudowy i unowocześniania systemów kierowania, obserwacji i ostrzegania, 7) utrzymywanie stałych kontaktów i współpraca z podmiotami uczestniczącymi w systemie gotowości cywilnej i zarządzania kryzysowego, 8) współpraca w zakresie gotowości cywilnej i zarządzania kryzysowego z właściwymi organami innych państw oraz z organizacjami międzynarodowymi, w tym w szczególności utrzymywanie kontaktów z Organizacją Narodów Zjednoczonych i Unią Europejską, 9) analiza i ocena strat powstałych w czasie zagrożenia lub kryzysu w oparciu o informacje przekazane przez komendanta wojewódzkiego Państwowej Straży Pożarnej. 2. Prezes Rady Ministrów, w drodze rozporządzenia, nadaje Krajowemu Urzędowi statut określający jego organizację i tryb pracy. 
1997_733.txt-Art. 2e. 1. W postępowaniu administracyjnym, w sprawach związanych z;Czy do zadań komendanta wojewódzkiego Państwowej Straży Pożarnej należy gromadzenie i opracowanie informacji uzyskiwanych z systemów obserwacji?;wykonywaniem zadań i kompetencji z zakresu ratownictwa i ochrony przeciwpożarowej, organem właściwym jest komendant powiatowy (miejski) Państwowej Straży Pożarnej, jeżeli ustawy nie stanowią inaczej. 2. W postępowaniu administracyjnym, w sprawach, o których mowa w ust. 1, organami wyższego stopnia są: 1) w stosunku do komendanta powiatowego (miejskiego) Państwowej Straży Pożarnej - komendant wojewódzki Państwowej Straży Pożarnej, 2) w stosunku do komendanta wojewódzkiego Państwowej Straży Pożarnej - Komendant Główny Państwowej Straży Pożarnej. 
1997_733.txt-Art. 2d. 1. Do zadań komendanta powiatowego (miejskiego) Państwowej;Czy do zadań komendanta wojewódzkiego Państwowej Straży Pożarnej należy gromadzenie i opracowanie informacji uzyskiwanych z systemów obserwacji?;"Straży Pożarnej należą w szczególności: 1) organizowanie na obszarze powiatu krajowego systemu ratowniczogaśniczego, 2) dysponowanie oraz kierowanie siłami i środkami krajowego systemu ratowniczo-gaśniczego na obszarze powiatu poprzez swoje stanowisko kierowania, 3) organizowanie i prowadzenie działań ratowniczych, 4) współdziałanie z komendantem gminnym ochrony przeciwpożarowej, jeżeli komendant taki został zatrudniony w gminie, 5) rozpoznawanie zagrożeń pożarowych i innych miejscowych zagrożeń, 6) opracowywanie planów ratowniczych na obszarze powiatu, 7) nadzorowanie przestrzegania przepisów przeciwpożarowych, 8) wstępne ustalanie przyczyny oraz okoliczności powstania i rozprzestrzeniania się pożaru oraz miejscowego zagrożenia, 9) organizowanie szkolenia i doskonalenia pożarniczego, w tym również dla członków ochotniczych straży pożarnych, 10) współdziałanie z powiatowymi organizacjami zrzeszającymi ochotnicze straże pożarne, 11) przeprowadzanie inspekcji podmiotów należących do krajowego systemu ratowniczo-gaśniczego w zakresie przygotowania do działań ratowniczych. 2. Aparatem pomocniczym komendanta powiatowego (miejskiego) Państwowej Straży Pożarnej jest komenda powiatowa (miejska) Państwowej Straży Pożarnej, zwana dalej ""komendą powiatową"". 3. Regulamin organizacyjny komendy powiatowej jest ustalany przez komendanta powiatowego i zatwierdzany przez komendanta wojewódzkiego Państwowej Straży Pożarnej. "
2001_499.txt-Art. 60.;Czy głosowanie może odbyć się przy użyciu kart do głosowania dowolnego pochodzenia?;1. Głosowanie odbywa się przy pomocy urzędowych kart do głosowania. 2. Treść karty do głosowania określają przepisy szczególne ustawy. 
2000_985.txt-Art. 53.;Czy głosowanie może odbyć się przy użyciu kart do głosowania dowolnego pochodzenia?;"1. Karta do głosowania zawiera: 1) oznaczenie referendum, nazwę organu, który postanowił o przeprowadzeniu referendum, datę referendum, 2) pytanie lub pytania albo warianty rozwiązania sprawy będącej przedmiotem referendum; jeżeli referendum polega na udzieleniu odpowiedzi na postawione pytania, na karcie do głosowania zamieszcza się również wyrazy: ""tak"" i ""nie"" z kratkami z lewej strony przeznaczonymi na postawienie znaku przy odpowiedzi, którą wybrał głosujący, a gdy referendum polega na dokonaniu wyboru pomiędzy zaproponowanymi wariantami, przy każdym z wariantów umieszcza się po lewej stronie numer wariantu i kratkę przeznaczoną na postawienie znaku przy wariancie, za którym głosujący się opowiada, 3) pouczenie o sposobie głosowania. 2. W razie poddania pod referendum więcej niż jednej sprawy, na karcie do głosowania zamieszcza się kolejno wszystkie postawione pytania lub warianty, z zachowaniem wymagań określonych w ust. 1 pkt 2. 3. Karta do głosowania może być zadrukowana tylko po jednej stronie. 4. Na karcie do głosowania drukuje się odcisk pieczęci organu właściwego do podjęcia decyzji o przeprowadzeniu referendum. 5. Wydając kartę do głosowania, obwodowa komisja opatruje ją własną pieczęcią. "
1996_465.txt-Art. 172.;Jaki urząd ma prawo wezwać spółkę do usunięcia braków wynikających z niedopełnienia przepisów?;§1. Jeżeli po zarejestrowaniu spółki zostały stwierdzone braki wynikłe z niedopełnienia przepisów prawa, sąd rejestrowy, z urzędu albo na wniosek osób mających interes prawny, wzywa spółkę do usunięcia braków i wyznacza w tym celu odpowiedni termin. §2. Jeżeli spółka nie uczyni zadość wezwaniu, o którym mowa w § 1, sąd rejestrowy może nakładać grzywny według zasad określonych w przepisach o Krajowym Rejestrze Sądowym. 
1996_465.txt-Art. 327.;Jaki urząd ma prawo wezwać spółkę do usunięcia braków wynikających z niedopełnienia przepisów?;§1. Jeżeli po zarejestrowaniu spółki zostały stwierdzone braki wynikłe z niedopełnienia przepisów prawa, sąd rejestrowy, z urzędu albo na wniosek osób mających interes prawny, wzywa spółkę do usunięcia braków i wyznacza w tym celu odpowiedni termin. §2. Jeżeli spółka nie uczyni zadość wezwaniu, sąd rejestrowy może nakładać grzywny według zasad określonych w przepisach o Krajowym Rejestrze Sądowym. Rozdział 2 Prawa i obowiązki akcjonariuszy 
2003_1939.txt-Art. 7.;Jaki urząd ma prawo wezwać spółkę do usunięcia braków wynikających z niedopełnienia przepisów?;§ 1. Spółdzielnia podlega obowiązkowi wpisu do Krajowego Rejestru Sądowego. § 2. W wypadku stwierdzenia we wniosku o wpis braku usuwalnego, sąd rejestrowy wyznaczy założycielom spółdzielni stosowny termin do jego usunięcia pod rygorem odmowy wpisu do rejestru, z uwzględnieniem przepisu § 3. § 3. Sąd rejestrowy nie może odmówić wpisania spółdzielni do rejestru z powodu drobnych uchybień, które nie naruszają interesu spółdzielni oraz interesu publicznego, a nie mogą być usunięte bez poniesienia niewspółmiernie wysokich kosztów. § 4. Jeżeli po wpisie spółdzielni do rejestru zostaną stwierdzone braki wynikłe z niedopełnienia przepisów prawa, sąd rejestrowy z urzędu lub na wniosek osób mających w tym interes prawny wzywa spółdzielnię do usunięcia braków i wyznacza w tym celu odpowiedni termin. § 5. Jeżeli spółdzielnia nie usunie braków w terminie, o którym mowa w § 4, sąd rejestrowy może nakładać grzywny według zasad określonych w przepisach o Krajowym Rejestrze Sądowym. § 6. Z chwilą wpisania do Krajowego Rejestru Sądowego spółdzielnia nabywa osobowość prawną, a założyciele stają się członkami spółdzielni. § 7. Za czynności dokonane w interesie spółdzielni przed jej zarejestrowaniem osoby działające do chwili zarejestrowania spółdzielni odpowiadają wobec osób trzecich solidarnie. Za zobowiązania wynikające z tych czynności spółdzielnia odpowiada po jej zarejestrowaniu tak jak za zaciągnięte przez siebie. Jednakże osoby działające przed zarejestrowaniem spółdzielni odpowiadają wobec niej według przepisów Kodeksu cywilnego. 
2001_19.txt-Art. 5.;Czy grupa znajdzie się w rejestrze grup uznanych jeśli nie osiągnęła wartości sprzedaży równej 100 tys. EURO?;1. Grupę wpisuje się do rejestru grup uznanych, jeżeli: 1) została utworzona przez co najmniej 5 producentów, dla jednej z następujących grup produktów: a) owoce i warzywa, b) owoce, c) warzywa, d) owoce i warzywa przeznaczone dla przetwórstwa, e) owoce przeznaczone dla przetwórstwa, f) warzywa przeznaczone dla przetwórstwa, g) orzechy, h) grzyby, 2) łączna wartość produktów wytworzonych przez członków grupy i sprzedanych za jej pośrednictwem w okresie roku, wynosi co najmniej równowartość 100 tys. EURO, 3) działa na podstawie statutu albo umowy, które oprócz wymagań określonych odrębnymi przepisami, ustalają w szczególności: a) wysokość składek wpłacanych na fundusz operacyjny, o którym mowa w art. 4 pkt 3, ustalonych w procentach od wartości sprzedanych produktów, b) warunki dostarczania przez członków grupy informacji dotyczących powierzchni uprawy, wysokości zbiorów, wielkości sprzedaży, cen uzyskiwanych za sprzedawane produkty oraz działań podejmowanych na rzecz ochrony środowiska, c) wymóg przynależności tylko do jednej z grup, d) zasady i tryb na jakich grupa sprzedaje produkty swoich członków. 2. Jeżeli statut albo umowa przewidują odstępstwa od zasady sprzedaży całości produktów za pośrednictwem grupy, odstępstwa dotyczą możliwości sprzedaży przez członka grupy wytworzonych przez niego produktów : 1) bezpośrednio konsumentom w ilości nie większej niż 25% całości produktów, jeżeli jest członkiem grupy utworzonej dla grupy produktów, o których mowa w art. 5 ust. 1 pkt 1 lit. a), 2) bezpośrednio konsumentom w ilości 20% całości produktów, jeżeli jest członkiem jednej z pozostałych grup utworzonych dla grup produktów, o których mowa w art. 5 ust. 1 pkt 1 lit. b)-h), 3) za pośrednictwem innej grupy, jeżeli produkty te nie są przedmiotem obrotu grupy, której jest członkiem. 
2001_19.txt-Art. 22.;Czy grupa znajdzie się w rejestrze grup uznanych jeśli nie osiągnęła wartości sprzedaży równej 100 tys. EURO?;1. Grupa, która nie spełnia warunków do wpisania do rejestru grup uznanych, może być wpisana do rejestru grup wstępnie uznanych, jeżeli: 1) spełnia warunki, o których mowa w art. 5 ust. 1 pkt 1 i 3, 2) łączna wartość produktów wytworzonych przez członków grupy i sprzedanych za jej pośrednictwem w okresie roku kalendarzowego, nie jest mniejsza niż równowartość 50 tys. EURO, 3) opracowała plan działania, określający sposób spełnienia warunków, o których mowa w art. 5 ust. 1 pkt 2. 2. Plan działania, o którym mowa w ust. 1 pkt 3, określa w szczególności: 1) okres jego realizacji, 2) aktualny stan w zakresie produkcji, obrotu i wyposażenia grupy w środki techniczne, 3) harmonogram działań w poszczególnych latach kalendarzowych, 4) przewidywane wielkości niezbędnych środków finansowych do realizacji planu. 3. W sprawach wpisania do rejestru grup wstępnie uznanych stosuje się odpowiednio art. 7 i 8. 4. Wniosek o wpisanie do rejestru grup wstępnie uznanych zawiera dane, o których mowa w art. 6. Do wniosku dołącza się plan działania, o którym mowa w ust. 1 pkt 3. 5. Minister właściwy do spraw rynków rolnych prowadzi krajowy rejestr grup wstępnie uznanych na podstawie informacji przekazanych przez wojewodów. 
1994_344.txt-Art. 58.;Czy zamawiający ma prawo zachowywać prowadzone negocjacje w tajemnicy w dowolnej sytuacji?;Zamawiający może prowadzić z każdym dostawcą lub wykonawcą negocjacje dotyczące treści złożonej przez niego oferty wstępnej, zachowując w tajemnicy treść prowadzonych negocjacji. 
1994_344.txt-Art. 66.;Czy zamawiający ma prawo zachowywać prowadzone negocjacje w tajemnicy w dowolnej sytuacji?;1. Wszelkie wymagania, wyjaśnienia i informacje, a także dokumenty związane z negocjacjami, dostarczane są dostawcom lub wykonawcom na równych zasadach. 2. Prowadzone negocjacje mają charakter poufny. Żadna ze stron nie może bez zgody drugiej strony ujawnić informacji technicznych i handlowych związanych z negocjacjami. 3. Po przeprowadzeniu negocjacji zamawiający zwraca się do wszystkich dostawców i wykonawców o złożenie ofert ostatecznych zawierających cenę i wybiera ofertę najkorzystniejszą. 4. Do negocjacji z zachowaniem konkurencji stosuje się odpowiednio przepisy art. 47-51. 
1996_465.txt-Art. 62.;Czy wierzyl wspólnika ma prawo uzyskać zajęcie dowolnych praw służących wspólnikowi?;§1. W czasie trwania spółki wierzyciel wspólnika może uzyskać zajęcie tylko tych praw służących wspólnikowi z tytułu udziału w spółce, którymi wspólnikowi wolno rozporządzać. §2. Jeżeli w ciągu ostatnich sześciu miesięcy przeprowadzono bezskutecznie egzekucję z ruchomości wspólnika, wówczas jego wierzyciel, który na podstawie tytułu egzekucyjnego uzyskał zajęcie roszczeń, służących wspólnikowi w przypadku jego wystąpienia lub rozwiązania spółki, może wypowiedzieć umowę spółki na sześć miesięcy przed końcem roku obrotowego, nawet gdy umowa spółki była zawarta na czas oznaczony. Jeżeli umowa spółki przewiduje krótszy termin wypowiedzenia, wierzyciel może skorzystać z terminu umownego. §3. Przeciwne postanowienia umowy są nieważne. 
1996_465.txt-Art. 244.;Czy wierzyl wspólnika ma prawo uzyskać zajęcie dowolnych praw służących wspólnikowi?;Wspólnik nie może ani osobiście, ani przez pełnomocnika, ani jako pełnomocnik innej osoby głosować przy powzięciu uchwał dotyczących jego odpowiedzialności wobec spółki z jakiegokolwiek tytułu, w tym udzielenia absolutorium, zwolnienia z zobowiązania wobec spółki oraz sporu między nim a spółką. 
1996_410.txt-Art. 8.;Czy absolwent szkoły położnych uzyskuje tytuł zawodowy pielęgniarka?;1. Absolwent szkoły pielęgniarskiej uzyskuje tytuł zawodowy pielęgniarka. 2. Absolwent szkoły położnych uzyskuje tytuł zawodowy położna. 
1996_410.txt-Art. 7.;Czy absolwent szkoły położnych uzyskuje tytuł zawodowy pielęgniarka?;1. Pielęgniarka uzyskuje kwalifikacje zawodowe po ukończeniu szkoły pielęgniarskiej. Położna uzyskuje kwalifikacje zawodowe po ukończeniu szkoły położnych. 2. Warunkiem rozpoczęcia kształcenia, o którym mowa w ust. 1, jest uprzednie uzyskanie świadectwa dojrzałości. 
2003_2255.txt-Art. 53.;Jakich dokumentów potrzebuje osoba, której świadczenia rodzinne wypłaca pracodawca w celu ustalenia prawa do tych świadczeń?;1. Osoba, której świadczenia rodzinne wypłaca pracodawca, rolnicza spółdzielnia produkcyjna lub jednostka, która zawarła umowę agencyjną lub umowę zlecenia, może wystąpić z wnioskiem do Zakładu o ustalenie prawa do tych świadczeń i o wydanie decyzji. 2. Z wnioskiem o ustalenie prawa do świadczeń rodzinnych i o wydanie decyzji może wystąpić do Zakładu także pracodawca, rolnicza spółdzielnia produkcyjna lub kierownik jednostki, o której mowa w ust. 1. 
1997_686.txt-Art. 12.;Czy minister właściwy do spraw finansów jest upoważniony do przekazania instytucjom ubezpieczeniowym środków finansowych z ulg?;Upoważnia się ministra właściwego do spraw finansów do przekazania instytucjom ubezpieczeniowym środków finansowych w wysokości wynikającej z zastosowania ulg w składkach na ubezpieczenia komunikacyjne AC dla inwalidów wojennych i wojsko wych, uprawnionych do tych ulg na podstawie odrębnych przepisów. 
1997_501.txt-Art. 45.;Czy organ emerytalny ma obowiązek wznowienia wypłaty świadczeń w przypadku wpłynięcia wniosku o wznowienie wypłaty?;1. W razie ustania przyczyny powodującej wstrzymanie wypłaty świadczeń, wypłatę wznawia się od miesiąca, w którym ustała ta przyczyna, jednak za okres nie dłuższy niż trzy miesiące kalendarzowe wstecz od miesiąca, w którym zgłoszono wniosek o wznowienie wypłaty lub wydano decyzję z urzędu, z zastrzeżeniem przepisu ust. 2. 2. Jeżeli wstrzymanie wypłaty świadczeń nastąpiło na skutek błędu organu emerytalnego, wypłatę wznawia się poczynając od miesiąca, w którym ją wstrzymano, jednak za okres nie dłuższy niż trzy lata wstecz, licząc od miesiąca, w którym zgłoszono wniosek o wznowienie wypłaty lub wydano decyzję z urzędu. 3. Przepisy ust. 1 i 2 stosuje się odpowiednio w razie ponownego ustalenia prawa do świadczeń lub ich wysokości, z tym że w przypadku wznowienia postępowania albo wskutek rewizji nadzwyczajnej okres trzech miesięcy lub trzech lat liczy się od miesiąca, w którym wniesiono wniosek o wznowienie postępowania lub o złożenie rewizji nadzwyczajnej. 
1998_1118.txt-Art. 135.;Czy organ emerytalny ma obowiązek wznowienia wypłaty świadczeń w przypadku wpłynięcia wniosku o wznowienie wypłaty?;1. W razie ustania przyczyny powodującej wstrzymanie wypłaty świadczenia, wypłatę wznawia się od miesiąca ustania tej przyczyny, jednak nie wcześniej niż od miesiąca, w którym zgłoszono wniosek o wznowienie wypłaty lub wydano z urzędu decyzję o jej wznowieniu, z uwzględnieniem ust. 2. 2. W przypadkach określonych w art. 134 ust. 1 pkt 5 wypłatę świadczenia wznawia się, od miesiąca, w którym ją wstrzymano, jednak za okres nie dłuższy niż 3 lata poprzedzające bezpośrednio miesiąc, w którym zgłoszono wniosek o wznowienie wypłaty. 3. Jeżeli wstrzymanie wypłaty świadczeń nastąpiło na skutek błędu organu rentowego, wypłatę wznawia się, poczynając od miesiąca, w którym je wstrzymano, jednak za okres nie dłuższy niż 3 lata poprzedzające bezpośrednio miesiąc, w którym zgłoszono wniosek o wznowienie wypłaty lub wydano decyzję z urzędu o jej wznowieniu. 
1997_251.txt-Art. 18.;Czy zakłady zachowawcze zaliczane są do grupy działalności charytatywnych jakie mogą prowadzić gminy żydowskie?;Gminy żydowskie oraz inne osoby prawne, działające na podstawie ustawy, mogą prowadzić działalność charytatywną, a w szczególności zakłady wychowawcze, opiekuńcze i opieki zdrowotnej. 
1997_251.txt-Art. 13.;Czy zakłady zachowawcze zaliczane są do grupy działalności charytatywnych jakie mogą prowadzić gminy żydowskie?;Gminy żydowskie mają prawo zakładać i prowadzić szkoły oraz inne placówki oświatowo-wychowawcze i opiekuńczo-wychowawcze na zasadach określonych w odrębnych przepisach. 
1996_465.txt-Art. 363.;Jaką jednostkę jest zobowiązany powiadomić zarząd w przypadku nabycia własnych akcji?;"§1. W przypadku określonym w art. 362 § 1 pkt 1 zarząd jest obowiązany powiadomić najbliższe walne zgromadzenie o przyczynach lub celu nabycia własnych akcji, liczbie i wartości nominalnej tych akcji, ich udziale w kapitale zakładowym, jak również o wartości świadczenia spełnionego w zamian za nabyte akcje. §2. W przypadku nabycia akcji własnych przez spółkę bądź osobę działającą we własnym imieniu, lecz na rachunek spółki, sprawozdanie zarządu, o którym mowa w art. 395 § 2 pkt 1, powinno zawierać: 1) uzasadnienie nabycia akcji własnych w danym roku obrotowym, 2) liczbę i wartość nominalną akcji nabytych lub zbytych w roku obrotowym, jak również określenie udziału procentowego, jaki akcje te reprezentują w kapitale zakładowym, 3) w przypadku nabycia lub zbycia odpłatnego, uzyskaną cenę lub wartość innego świadczenia wzajemnego, 4) liczbę oraz wartość nominalną nabytych i zatrzymanych akcji, jak również określenie ich procentowego udziału w kapitale zakładowym. §3. Akcje nabyte w celach określonych w art. 362 § 1 pkt 2 należy zaoferować pracownikom lub innym wskazanym w tym przepisie osobom najpóźniej z upływem roku od dnia ich nabycia przez spółkę. §4. Akcje nabyte z naruszeniem przepisów art. 362 § 1 lub § 2 powinny być zbyte w terminie roku od dnia ich nabycia przez spółkę. W pozostałych przypadkach ta część akcji własnych spółki, która przekracza 10% kapitału zakładowego spółki, powinna być zbyta w terminie dwóch lat od dnia nabycia akcji. §5. Jeżeli akcje własne nie zostały zbyte w terminach określonych w § 3 i § 4, zarząd dokona ich niezwłocznego umorzenia bez zwoływania walnego zgromadzenia. §6. Akcje własne należy umieścić w bilansie jako osobną pozycję pod nazwą ""Akcje własne do zbycia"". "
1996_465.txt-Art. 402.;Jaką jednostkę jest zobowiązany powiadomić zarząd w przypadku nabycia własnych akcji?;§1. Walne zgromadzenie zwołuje się przez ogłoszenie, które powinno być dokonane co najmniej na trzy tygodnie przed terminem walnego zgromadzenia. §2. W ogłoszeniu należy oznaczyć datę, godzinę i miejsce walnego zgromadzenia oraz szczegółowy porządek obrad. W przypadku zamierzonej zmiany statutu powołać należy dotychczas obowiązujące postanowienia, jak również treść projektowanych zmian. Jeżeli jest to uzasadnione znacznym zakresem zamierzonych zmian, ogłoszenie może zawierać projekt nowego tekstu jednolitego statutu wraz z wyliczeniem nowych lub zmienionych postanowień statutu. §3. Jeżeli wszystkie akcje wyemitowane przez spółkę są imienne, walne zgromadzenie może być zwołane za pomocą listów poleconych lub pocztą kurierską, za pisemnym potwierdzeniem odbioru, wysłanymi co najmniej dwa tygodnie przed terminem walnego zgromadzenia. Dzień wysłania listów uważa się za dzień ogłoszenia. 
1995_618.txt-Art. 27.;Czy inspektor może przeprowadzić kontrolę statku w przypadku uzasadnionego podejrzenia o naruszeniu przepisów?;Dyrektor urzędu morskiego może: 1) zażądać od statku przepływającego przez polskie obszary morskie informacji dotyczących identyfikacji, portu rejestracji, ostatniego i następnego portu zawinięcia oraz innych niezbędnych informacji, w razie uzasadnionego podejrzenia, że statek płynąc przez te obszary naruszył przepisy ustawy, powodując zanieczyszczenie lub zagrożenie zanieczyszczeniem, 2) przeprowadzić inspekcję statku przepływającego przez polskie obszary morskie, w razie: a) uzasadnionego podejrzenia, że naruszył przepisy ustawy wskutek zrzutu powodującego lub grożącego znacznym zanieczyszczeniem morza, b) odmowy udzielenia informacji, o których mowa w pkt 1, lub jeżeli informacja podana przez statek jest w sposób oczywisty różna od stanu faktycznego, a okoliczności sprawy uzasadniają taką inspekcję. 
2001_1441.txt-Art. 68.;Czy inspektor może przeprowadzić kontrolę statku w przypadku uzasadnionego podejrzenia o naruszeniu przepisów?;W czasie wykonywania czynności służbowych inspektor jest uprawniony do: 1) zatrzymania statku rybackiego i wejścia na jego pokład w sposób w jak najmniejszym stopniu zakłócający jego normalną działalność połowową, 2)  kontroli dokumentów uprawniających do wykonywania rybołówstwa morskiego, 3)  sprawdzania, czy rybołówstwo morskie wykonywane jest zgodnie z obowiązującymi przepisami prawa i umowami międzynarodowymi, 4) kontroli narzędzi połowowych i złowionych organizmów morskich, 5) kontroli pomieszczeń statków, magazynów, przetwórni i innych pomieszczeń służących do przechowywania organizmów morskich na lądzie, 6)  żądania wyjaśnień i wykonywania czynności niezbędnych do przeprowadzenia kontroli, a w przypadkach uzasadnionego podejrzenia naruszenia przepisów ustawy do zatrzymania: a) dokumentów, o których mowa w pkt 2, b) organizmów morskich i narzędzi połowowych oraz ich zabezpieczenia. 
2000_1156.txt-Art. 7.;Czy inspektor może przeprowadzić kontrolę statku w przypadku uzasadnionego podejrzenia o naruszeniu przepisów?;"1. W celu zapewnienia spełniania przez statek wymagań, o których mowa w art. 6, statek podlega inspekcjom, przeprowadzanym przez organy inspekcyjne, w zakresie, terminach i trybie określonych w umowach międzynarodowych lub przepisach ustawy. 2. Organami inspekcyjnymi, o których mowa w ust. 1, są dyrektorzy urzędów morskich, a zagranicą również konsulowie, z zastrzeżeniem ust. 5 i ust. 6. 3. Minister właściwy do spraw gospodarki morskiej może powierzyć, w drodze rozporządzenia, niektóre zadania organu inspekcyjnego instytucji klasyfikacyjnej, kierując się specyfiką i charakterem zadań realizowanych przez tę instytucję oraz uwzględniając rozwiązania międzynarodowe w tym zakresie. 4. Minister właściwy do spraw gospodarki morskiej może powierzyć, w drodze rozporządzenia, niektóre zadania organu inspekcyjnego w stosunku do statków sportowych o długości kadłuba do 24 m "" związkowi sportowemu o zasięgu ogólnokrajowym, kierując się względami uproszczenia procedur i specjalistycznym charakterem zadań realizowanych przez związki sportowe. 5. Minister właściwy do spraw wewnętrznych może określić, w drodze rozporządzenia, organy inspekcyjne dla jednostek pływających Straży Granicznej i Policji, rodzaje przeglądów i inspekcji oraz tryb ich dokonywania, a także rodzaje i wzory dokumentów bezpieczeństwa jednostek pływających, uwzględniając specyficzny charakter zadań wykonywanych przez te jednostki pływające. 6. Minister Obrony Narodowej może określić, w drodze rozporządzenia, organy inspekcyjne, o których mowa w ust. 2 i ust. 5, dla jednostek pływających Marynarki Wojennej oraz rodzaje przeglądów i inspekcji, a także tryb ich dokonywania, biorąc pod uwagę specyfikę i charakter zadań realizowanych przez te jednostki. 7. Organy, o których mowa w ust. 2, 5 i ust. 6, mogą upoważnić każdorazowo do wykonywania określonych czynności inspekcyjnych wyznaczone w tym celu osoby lub instytucje klasyfikacyjne. "
2001_763.txt-Art. 20.;Jakiej odpowiedzialności podlegają członkowie samorządu psychologów za naruszenie obowiązków zawodowych?;Członkowie samorządu psychologów podlegają odpowiedzialności dyscyplinarnej za: 1) zawinione naruszenie obowiązków zawodowych, 2) czyny sprzeczne z zasadami etyki określonymi w Kodeksie Etyki Zawodowej, o którym mowa w art. 40 pkt 3, 3) uporczywe uchylanie się od płacenia składek członkowskich. 
1995_471.txt-Art. 1.;Czy do odwołania Prezydenta miasta stołecznego Warszawy konieczna jest bezwzględna większość głosów ustawowego składu Rady?;"W ustawie z dnia 25 marca 1994 r. o ustroju miasta stołecznego Warszawy (Dz.U. Nr 48, poz. 195 i Nr 86, poz. 396, z 1995 r. Nr 124, poz. 601 oraz z 1998 r. Nr 127, poz. 847) wprowadza się następujące zmiany: 1) w art. 9: a) ust. 3 otrzymuje brzmienie: ""3. Rada miasta stołecznego Warszawy wybiera i odwołuje Prezydenta m.st. Warszawy bezwzględną większością głosów ustawowego składu Rady, w głosowaniu tajnym."", b) po ust. 3 dodaje się ust. 4 i 5 w brzmieniu: ""4. Funkcji Prezydenta m.st. Warszawy nie można łączyć z: 1)  pełnieniem innych urzędów lub funkcji w administracji publicznej, 2)  dodatkowym zatrudnieniem. 5. Do członków Zarządu m.st. Warszawy stosuje się przepisy ustawy z dnia 21 sierpnia 1997 r. o ograniczeniu prowadzenia działalności gospodarczej przez osoby pełniące funkcje publiczne (Dz.U. Nr 106, poz. 679, oraz z 1998 r. Nr 113, poz. 715 i Nr 162, poz. 1126).""; 2) art. 18 otrzymuje brzmienie: ""Art. 18. W gminach warszawskich przewodniczącym zarządu jest burmistrz.""; 3) skreśla się art. 19 - 21. "
1997_944.txt-Art. 98.;Czy w przypadku uchylenia orzeczenia, o którym mowa w art. 74 pkt. 5 jego skutki zostają uchylone w całości?;Jeżeli orzeczenie, o którym mowa w art. 74 pkt 5, zostało: 1) uchylone - skutki, jakie to orzeczenie wywołało, ulegają uchyleniu w całości, 2) zmienione - skutki, jakie to orzeczenie wywołało, ulegają uchyleniu w części niezgodnej z dokonaną zmianą. 
2004_963.txt-Art. 1.;W zakresie jakiego prawa zasady administrowania są określone przez ustawę?;1. Ustawa określa zasady administrowania obrotem towarami z zagranicą oraz, w zakresie uzupełniającym przepisy prawa wspólnotowego, obrót towarami z krajami trzecimi dokonywany na podstawie przepisów tego prawa. 2.  Przepisów ustawy nie stosuje się do obrotu towarami z zagranicą w takim zakresie, w jakim obrót ten jest uregulowany odrębnymi przepisami prawa. 
1997_498.txt-Art. 1.;W zakresie jakiego prawa zasady administrowania są określone przez ustawę?;1. Ustawa reguluje zasady administrowania obrotem z zagranicą towarami i usługami, a także obrotem specjalnym. 2. Przepisów ustawy nie stosuje się do obrotu z zagranicą towarami i usługami w takim zakresie w jakim obrót ten jest uregulowany odrębnymi przepisami prawa oraz umowami międzynarodowymi. 
2004_897.txt-Art. 16.;Czy producentowi dopiero rozpoczynającemu produkcję mleka określa się referencyjną wartość tłuszczu?;1. Producentowi rozpoczynającemu produkcję mleka, który będzie dostarczał mleko do podmiotów skupujących, w decyzji, o której mowa w art. 15 ust. 1, nie określa się referencyjnej zawartości tłuszczu. 2. Producentowi, o którym mowa w ust. 1, dyrektor właściwego miejscowo oddziału terenowego Agencji przyznaje, w drodze decyzji, referencyjną zawartość tłuszczu na podstawie średniej ważonej zawartości tłuszczu w mleku dostarczonym przez producenta podczas pierwszych 12 miesięcy dostaw, według stanu na ostatni dzień 12 miesiąca dostaw. Decyzję tę wydaje się z urzędu w terminie 14 dni od ostatniego dnia 12 miesiąca dostaw. 3. W przypadku gdy zakończenie roku kwotowego następuje przed dniem wydania decyzji, o której mowa w ust. 2, w celu rozliczenia wykorzystania indywidualnej ilości referencyjnej przysługującej na dany dzień roku, według stanu na ostatni dzień roku kwotowego, oraz ustalenia wysokości opłaty, o której mowa w art. 33, uwzględnia się wyłącznie ilość dostarczonego mleka w danym roku kwotowym. 4. Przeliczanie ilości mleka dostarczanego podmiotom skupującym przez producenta, o którym mowa w ust. 1, na mleko o referencyjnej zawartości tłuszczu, stosuje się począwszy od 1 dnia miesiąca następującego po miesiącu, w którym została wydana decyzja, o której mowa w ust. 2. 
1997_117.txt-Art. 210.;Jakie przepisy określają nielegalne wprowadzenie towaru?;§ 1. Dług celny w przywozie powstaje w wypadku: 1) nielegalnego wprowadzenia na polski obszar celny towaru podlegającego należnościom celnym przywozowym, 2) nielegalnego wprowadzenia towaru podlegającego należnościom celnym przywozowym z wolnego obszaru celnego na pozostałą część polskiego obszaru celnego. § 2. Dług celny powstaje z chwilą nielegalnego wprowadzenia towaru. § 3. Dłużnikami są: 1) osoba, która dokonała nielegalnego wprowadzenia, 2) osoby, które uczestniczyły we wprowadzeniu i które wiedziały lub przy zachowaniu należytej staranności mogły się dowiedzieć, że wprowadzenie to było nielegalne, 3) osoby, które nabyły, posiadały lub posiadają towar, o którym mowa w § 1, i które wiedziały lub przy zachowaniu należytej staranności mogły się dowiedzieć, że w chwili jego nabycia lub wejścia w jego posiadanie był to towar wprowadzony nielegalnie. 
1997_117.txt-Art. 2.;Jakie przepisy określają nielegalne wprowadzenie towaru?;§ 1. Wprowadzenie towaru na polski obszar celny lub jego wyprowadzenie z polskiego obszaru celnego następuje w chwili faktycznego przywozu towaru na polski obszar celny lub jego faktycznego wywozu z tego obszaru. § 2. Wprowadzenie towaru na polski obszar celny lub jego wyprowadzenie z polskiego obszaru celnego powoduje z mocy prawa powstanie obowiązków i uprawnień przewidzianych w przepisach prawa celnego, jeżeli przepisy prawa, w tym umowy międzynarodowe, nie stanowią inaczej. § 3. Do wprowadzania na polski obszar celny lub wyprowadzania z polskiego obszaru celnego przedmiotów, objętych z mocy odrębnych przepisów ochroną własności intelektualnej, handlowej i przemysłowej stosuje się odpowiednio przepisy dotyczące towaru wprowadzanego lub wyprowadzanego z polskiego obszaru celnego. § 4. Zasady powstawania i wykonywania oraz wygasania zobowiązań podatkowych, związanych z wprowadzeniem towaru na polski obszar celny lub z jego wyprowadzeniem z polskiego obszaru celnego oraz zakres praw i obowiązków organów celnych w tych sprawach, regulują odrębne przepisy. 
1997_467.txt-Art. 1.;Czy jednostki badawczo-rozwojowe zwolnione są z opłat według art. 18a?;"W ustawie z dnia 25 lipca 1985 r. o jednostkach badawczo-rozwojowych (Dz.U. z 1991 r. Nr 44, poz. 194, Nr 107, poz. 464, z 1992 r. Nr 54, poz. 254, z 1994 r. Nr 1, poz. 3, Nr 43, poz. 163 oraz z 1996 r. Nr 41, poz. 175 i Nr 89, poz. 402) po art. 18 dodaje się art. 18a w brzmieniu: ""Art. 18a. Jednostki badawczo-rozwojowe są zwolnione z opłat z tytułu użytkowania wieczystego gruntów stanowiących własność Skarbu Państwa lub własność gminy, z wyjątkiem części tych gruntów wykorzystywanej wyłącznie do działalności gospodarczej."". "
1999_484.txt-Art. 2.;Czy jednostki badawczo-rozwojowe zwolnione są z opłat według art. 18a?;"W ustawie z dnia 25 lipca 1985 r. o jednostkach badawczo-rozwojowych (Dz.U. z 1991 r. Nr 44, poz. 194, Nr 107, poz. 464, z 1992 r. Nr 54, poz. 154, z 1994 r. Nr 1, poz. 3, Nr 43, poz. 163 oraz z 1996 r. Nr 41, poz. 175, Nr 89, poz. 402, z 1997 r. Nr 75, poz. 467 i poz. 469, Nr 104, poz. 661, Nr 121, poz. 769 i 770, Nr 141, poz. 943 oraz z 1998 r. Nr 117, poz. 756 i Nr 162, poz. 1118) w art. 18a: 1) dotychczasową treść oznacza się jako ust. 1; 2) dodaje się ust. 2 w brzmieniu: ""2. Przepisu ust. 1 nie stosuje się do użytkowania wieczystego gruntów wchodzących w skład Zasobu Własności Rolnej Skarbu Państwa. Jednostki badawczo-rozwojowe, z tytułu użytkowania wieczystego tych gruntów, ponoszą opłaty określone w przepisach o gospodarowaniu nieruchomościami rolnymi Skarbu Państwa."". "
1997_253.txt-Art. 26.;Jakim przepisom podlegają przychody kościelnych osób prawnych?;1. Majątek i przychody kościelnych osób prawnych podlegają ogólnym przepisom podatkowym, z wyjątkami określonymi w ust. 2-5. 2. Kościelne osoby prawne są zwolnione od opodatkowania podatkiem od nieruchomości - nieruchomości lub ich części przeznaczonych na cele niemieszkalne, z wyjątkiem części przeznaczonej na wykonywanie działalności gospodarczej. 3. Zwolnienie od opodatkowania podatkiem od nieruchomości obejmuje nieruchomości lub ich części przeznaczone na cele mieszkalne duchownych i członków zgromadzeń zakonnych, jeżeli: 1) są one wpisane do rejestru zabytków, 2) służą jako internaty przy szkołach i seminariach duchownych, klasztory oraz domy duchownych emerytów, 3) znajdują się w budynkach diecezji i Rady Kościoła. 4. Nabywanie i zbywanie rzeczy i praw majątkowych przez kościelne osoby prawne w drodze czynności prawnych oraz spadkobrania, zapisu i zasiedzenia jest zwolnione od opłaty skarbowej, jeżeli ich przedmiotem są: 1) rzeczy i prawa nie przeznaczone do działalności gospodarczej, 2) sprowadzane z zagranicy maszyny, urządzenia i materiały poligraficzne oraz papier. 5. Darowizny na kościelną działalność charytatywno-opiekuńczą pochodzące od osób fizycznych są wyłączone z podstawy opodatkowania darczyńców podatkiem dochodowym, jeżeli kościelna osoba prawna przedstawi darczyńcy pokwitowanie odbioru oraz - w okresie dwóch lat od dnia przekazania darowizny - sprawozdanie o przeznaczeniu jej na tę działalność. 6. Nabywanie i zbywanie rzeczy oraz praw majątkowych, o których mowa w ust. 4, jest zwolnione od opłat sądowych, z wyłączeniem opłat kancelaryjnych. 
1995_479.txt-Art. 29.;Jakim przepisom podlegają przychody kościelnych osób prawnych?;1. Majątek i przychody kościelnych osób prawnych podlegają ogólnym przepisom podatkowym, z wyjątkami określonymi w ust. 2-5. 2. Kościelne osoby prawne są zwolnione od opodatkowania podatkiem od nieruchomości - nieruchomości lub ich części przeznaczonych na cele niemieszkalne, z wyjątkiem części przeznaczonej na wykonywanie działalności gospodarczej. 3. Zwolnienie od opodatkowania podatkiem od nieruchomości obejmuje nieruchomości lub ich części przeznaczone na cele mieszkalne duchownych, jeżeli: 1) są one wpisane do rejestru zabytków, 2) służą jako internaty przy szkołach i seminariach teologicznych, domy duchownych-emerytów i wdów po nich albo 3) znajdują się w budynkach administracyjnych Rady Kościoła. 4. Nabywanie i zbywanie rzeczy i praw majątkowych przez kościelne osoby prawne w drodze czynności prawnych oraz spadkobrania, zapisu i zasiedzenia jest zwolnione od opłaty skarbowej, jeżeli ich przedmiotem są: 1) rzeczy i prawa nie przeznaczone do działalności gospodarczej, 2) sprowadzane z zagranicy maszyny, urządzenia i materiały poligraficzne oraz papier. 5. Darowizny na kościelną działalność charytatywno-opiekuńczą pochodzące od osób fizycznych są wyłączone z podstawy opodatkowania darczyńców podatkiem dochodowym, jeżeli kościelna osoba prawna przedstawi darczyńcy pokwitowanie odbioru oraz - w okresie dwóch lat od dnia przekazania darowizny - sprawozdanie o przeznaczeniu jej na tę działalność. 6. Nabywanie i zbywanie rzeczy oraz praw majątkowych, o których mowa w ust. 4, jest zwolnione od opłat sądowych, z wyłączeniem opłat kancelaryjnych. 
1995_482.txt-Art. 27.;Jakim przepisom podlegają przychody kościelnych osób prawnych?;1. Majątek i przychody kościelnych osób prawnych podlegają ogólnym przepisom podatkowym, z wyjątkami określonymi w ust. 2-5. 2. Kościelne osoby prawne są zwolnione od opodatkowania podatkiem od nieruchomości - nieruchomości lub ich części przeznaczonych na cele niemieszkalne, z wyjątkiem części przeznaczonej na wykonywanie działalności gospodarczej. 3. Zwolnienie od opodatkowania podatkiem od nieruchomości obejmuje nieruchomości lub ich części przeznaczone na cele mieszkalne duchownych, jeżeli: 1) są one wpisane do rejestru zabytków, 2) służą jako internaty przy szkołach i seminariach duchownych, 3) znajdują się w budynkach diecezji, zwierzchników diecezji, ich sufraganów, Zwierzchnika Kościoła i Rady Synodalnej. 4. Nabywanie i zbywanie rzeczy i praw majątkowych przez kościelne osoby prawne w drodze czynności prawnych oraz spadkobrania, zapisu i zasiedzenia jest zwolnione od opłaty skarbowej, jeżeli ich przedmiotem są: 1) rzeczy i prawa nie przeznaczone do działalności gospodarczej, 2) sprowadzane z zagranicy maszyny, urządzenia i materiały poligraficzne oraz papier. 5. Darowizny na kościelną działalność charytatywno-opiekuńczą pochodzące od osób fizycznych są wyłączone z podstawy opodatkowania darczyńców podatkiem dochodowym, jeżeli kościelna osoba prawna przedstawi darczyńcy pokwitowanie odbioru oraz - w okresie dwóch lat od dnia przekazania darowizny - sprawozdanie o przeznaczeniu jej na tę działalność. 6. Nabywanie i zbywanie rzeczy oraz praw majątkowych, o których mowa w ust. 4, jest zwolnione od opłat sądowych, z wyłączeniem opłat kancelaryjnych. 
1997_554.txt-Art. 19.;Jakim przepisom podlegają przychody kościelnych osób prawnych?;1. Majątek i przychody kościelnych osób prawnych podlegają ogólnym przepisom podatkowym, a w szczególności art. 17 ust. 1 pkt 4a i 4b ustawy z dnia 15 lutego 1992 r. o podatku dochodowym od osób prawnych (Dz.U. z 1993 r. Nr 106, poz. 482 i Nr 134, poz. 646 oraz z 1994 r. Nr 1, poz. 2 i Nr 43, poz. 163). 2. Darowizny na kościelną działalność charytatywno-opiekuńczą pochodzące od osób fizycznych są wyłączone z podstawy opodatkowania darczyńców podatkiem dochodowym, jeżeli kościelna osoba prawna przedstawi darczyńcy pokwitowanie odbioru oraz w - okresie dwóch lat od dnia przekazania darowizny - sprawozdanie o przeznaczeniu jej na tę działalność. 3. Kościelne osoby prawne są zwolnione od podatku od nieruchomości lub ich części stanowiących własność tych osób albo używanych przez nie, na podstawie innego tytułu prawnego, na cele niemieszkalne, z wyjątkiem części zajmowanej na wykonywanie działalności gospodarczej. 4. Zwolnienie od podatku od nieruchomości obejmuje nieruchomości lub ich części, przeznaczone na cele mieszkalne duchownych i członków diakonatów, jeżeli: 1) są one wpisane do rejestru zabytków, 2) służą jako domy księży emerytów lub znajdują się w budynkach stanowiących każdorazowo siedziby Biskupa Kościoła. 5. Nabywanie i zbywanie rzeczy i praw majątkowych przez kościelne osoby prawne w drodze czynności prawnych oraz spadkobrania, zapisu i zasiedzenia jest zwolnione od opłaty skarbowej, jeżeli ich przedmiotem są: 1) rzeczy i prawa nie przeznaczone do działalności gospodarczej, 2) sprowadzone z zagranicy maszyny, urządzenia i materiały poligraficzne oraz papier. 6. Nabywanie rzeczy i praw majątkowych, o których mowa w ust. 4, jest zwolnione od opłat sądowych, z wyłączeniem opłat kancelaryjnych. 
1995_481.txt-Art. 28.;Jakim przepisom podlegają przychody kościelnych osób prawnych?;1. Majątek i przychody Kościoła oraz jego osób prawnych podlegają ogólnym przepisom podatkowym, z wyjątkami określonymi w ust. 2-5. 2. Kościół i jego osoby prawne są zwolnione od opodatkowania podatkiem od nieruchomości - nieruchomości lub ich części, stanowiących ich własność lub będących w ich władaniu na podstawie innego tytułu prawnego na cele niemieszkalne, z wyjątkiem części służących do wykonywania działalności gospodarczej. 3. Zwolnienie od opodatkowania podatkiem od nieruchomości obejmuje nieruchomości lub ich części przeznaczone na cele mieszkalne duchownych i ewangelistów, jeżeli: 1) są one wpisane do rejestru zabytków, 2) służą jako internaty przy szkołach i seminariach duchownych oraz domy duchownych-emerytów i wdów po nich oraz ewangelistów, znajdujące się w domach kościelnych, 3) znajdują się w budynkach zarządów diecezji i przewodniczących diecezji, sekretariatu Przewodniczącego Kościoła i Zarządu Kościoła. 4. Nabywanie i zbywanie rzeczy i praw majątkowych przez Kościół i jego osoby prawne w drodze czynności prawnych oraz spadkobrania, zapisu i zasiedzenia jest zwolnione od opłaty skarbowej, jeżeli ich przedmiotem są: 1) rzeczy i prawa nie przeznaczone do działalności gospodarczej, 2) sprowadzone z zagranicy maszyny, urządzenia i materiały poligraficzne oraz papier. 5. Darowizny na kościelną działalność charytatywno-opiekuńczą pochodzące od osób fizycznych są wyłączone z podstawy opodatkowania darczyńców podatkiem dochodowym, jeżeli kościelna osoba prawna przedstawi darczyńcy pokwitowanie odbioru oraz - w okresie dwóch lat od dnia przekazania darowizny - sprawozdanie o przeznaczeniu jej na tę działalność. 6. Nabywanie i zbywanie rzeczy i praw majątkowych, o których mowa w ust. 4, jest zwolnione od opłaty sądowej, z wyłączeniem opłat kancelaryjnych. 
2004_623.txt-Art. 55. W ustawie;"Według jakiego prawa wyraz ""kosmetyki"" zastępuje się wyrazami ""produkty kosmetyczne""?";z dnia 19 marca 2004 r. – Prawo celne (Dz. U. z 2018 r. poz. 167, 1544, 1669 i 1697) w art. 31 w ust. 5 wyraz „kosmetyki” zastępuje się wyrazami „produkty kosmetyczne”. 
